{"_wandb":{"runtime":0},"_runtime":0.3727055,"_step":0,"dataset_size":1000,"_timestamp":1.7276529165400517e+09}