{"dataset_size":1000,"_timestamp":1.7276505351329224e+09,"_runtime":0.5388674,"_step":0,"_wandb":{"runtime":0}}