{"_timestamp":1.7276516417453413e+09,"_runtime":0.4115258,"_step":1,"demand_elasticity":-0.464530859255483,"supply_elasticity":-0.4117847735273844,"_wandb":{"runtime":4},"dataset_size":1000}