{"demand_elasticity":-0.464530859255483,"supply_elasticity":-0.4117847735273844,"_wandb":{"runtime":4},"_timestamp":1.7276511773654075e+09,"_runtime":0.4413213,"_step":1,"dataset_size":1000}