{"_step":0,"_wandb":{"runtime":0},"dataset_size":1000,"_timestamp":1.7276530287973833e+09,"_runtime":0.3849402}