{"dataset_size":1000,"_wandb":{"runtime":0},"_timestamp":1.7275665470148656e+09,"_runtime":0.3721494,"_step":0}