{"_step":1,"demand_elasticity":-0.464530859255483,"supply_elasticity":-0.4117847735273844,"_wandb":{"runtime":0},"dataset_size":1000,"_timestamp":1.727694234007432e+09,"_runtime":0.686041}