{"dataset_size":1000,"_timestamp":1.7276532470337536e+09,"_runtime":0.4206285,"_step":0,"_wandb":{"runtime":0}}