{"_step":1,"demand_elasticity":-0.464530859255483,"supply_elasticity":-0.4117847735273844,"_wandb":{"runtime":4},"dataset_size":1000,"_timestamp":1.7276519283830085e+09,"_runtime":0.4336534}