{"_wandb":{"runtime":0},"dataset_size":1000,"_timestamp":1.7276531705387208e+09,"_runtime":0.7886235,"_step":0}