{"_step":0,"_wandb":{"runtime":0},"dataset_size":1000,"_timestamp":1.72756638328579e+09,"_runtime":0.5373962}