{"_wandb":{"runtime":0},"_timestamp":1.727651105996437e+09,"_runtime":0.4095215,"_step":0,"dataset_size":1000}