{"_step":0,"dataset_size":1000,"_timestamp":1.727653109878557e+09,"_runtime":0.383771,"_wandb":{"runtime":0}}