{"_step":0,"dataset_size":1000,"_timestamp":1.7276925743162546e+09,"_runtime":0.5301239,"_wandb":{"runtime":0}}