{"_step":0,"_wandb":{"runtime":0},"dataset_size":1000,"_timestamp":1.7276531440743432e+09,"_runtime":0.3898651}