{"_wandb":{"runtime":0},"dataset_size":1000,"_timestamp":1.727566959875231e+09,"_runtime":0.3834577,"_step":0}