{"dataset_size":1000,"_timestamp":1.7276511182613707e+09,"_runtime":0.5800083,"_step":1,"demand_elasticity":-0.464530859255483,"supply_elasticity":-0.4117847735273844,"_wandb":{"runtime":4}}