{"_timestamp":1.727651674995832e+09,"_runtime":0.4305777,"_step":1,"dataset_size":1000,"demand_elasticity":-0.464530859255483,"supply_elasticity":-0.4117847735273844,"_wandb":{"runtime":4}}