{"_timestamp":1.7276519938498905e+09,"_runtime":0.4361444,"_step":1,"demand_elasticity":-0.464530859255483,"supply_elasticity":-0.4117847735273844,"_wandb":{"runtime":3},"dataset_size":1000}