{"_wandb":{"runtime":0},"dataset_size":1000,"_timestamp":1.7276926425734842e+09,"_runtime":0.5683181,"_step":0}